Name,State
absorber_panel_set_01,True
absorber_panel_set_01.001,False
absorber_panel_set_01.002,False
absorber_panel_set_01.003,True
absorber_panel_set_01.004,True
absorber_panel_set_01.005,False
absorber_panel_set_01.006,False
absorber_panel_set_01.007,True
absorber_panel_set_01.008,True
absorber_panel_set_01.009,False
absorber_panel_set_01.010,False
absorber_panel_set_01.011,False
absorber_panel_set_01.012,False
absorber_panel_set_01.013,False
absorber_panel_set_01.014,True
absorber_panel_set_01.015,False
absorber_panel_set_01.016,True
absorber_panel_set_01.017,False
absorber_panel_set_01.018,False
absorber_panel_set_01.019,False
absorber_panel_set_01.020,False
absorber_panel_set_01.021,True
absorber_panel_set_01.022,False
absorber_panel_set_01.023,True
absorber_panel_set_01.024,False
absorber_panel_set_01.025,False
absorber_panel_set_01.026,False
absorber_panel_set_01.027,True
absorber_panel_set_01.028,True
absorber_panel_set_01.029,False
absorber_panel_set_01.030,True
absorber_panel_set_01.031,True
absorber_panel_set_01.032,False
absorber_panel_set_01.033,True
absorber_panel_set_01.034,False
absorber_panel_set_01.035,False
absorber_panel_set_01.036,False
absorber_panel_set_01.037,True
absorber_panel_set_01.038,False
absorber_panel_set_01.039,True
absorber_panel_set_01.040,False
absorber_panel_set_01.041,False
absorber_panel_set_01.042,False
absorber_panel_set_01.043,False
absorber_panel_set_01.044,False
absorber_panel_set_01.045,False
absorber_panel_set_01.046,False
absorber_panel_set_01.047,False
absorber_panel_set_01.048,True
absorber_panel_set_01.049,True
absorber_panel_set_01.050,False
absorber_panel_set_01.051,True
absorber_panel_set_01.052,True
absorber_panel_set_01.053,True
absorber_panel_set_01.054,True
absorber_panel_set_01.055,False
absorber_panel_set_01.056,False
absorber_panel_set_01.057,False
absorber_panel_set_01.058,False
absorber_panel_set_01.059,False
absorber_panel_set_01.060,True
absorber_panel_set_01.061,True
absorber_panel_set_01.062,False
absorber_panel_set_01.063,False
absorber_panel_set_01.064,False
absorber_panel_set_02,False
absorber_panel_set_02.001,True
absorber_panel_set_02.002,False
absorber_panel_set_02.003,False
absorber_panel_set_02.004,False
absorber_panel_set_02.005,False
absorber_panel_set_02.006,False
absorber_panel_set_02.007,False
absorber_panel_set_02.008,False
absorber_panel_set_02.009,False
absorber_panel_set_02.010,True
absorber_panel_set_02.011,True
absorber_panel_set_02.012,True
absorber_panel_set_02.013,True
absorber_panel_set_02.014,False
absorber_panel_set_02.015,False
absorber_panel_set_02.016,True
absorber_panel_set_02.017,False
absorber_panel_set_02.018,True
absorber_panel_set_02.019,False
absorber_panel_set_02.020,False
absorber_panel_set_02.021,False
absorber_panel_set_02.022,False
absorber_panel_set_02.023,True
absorber_panel_set_02.024,False
absorber_panel_set_02.025,True
absorber_panel_set_02.026,True
absorber_panel_set_02.027,False
absorber_panel_set_02.028,True
absorber_panel_set_02.029,True
absorber_panel_set_02.030,False
absorber_panel_set_02.031,False
absorber_panel_set_02.032,False
absorber_panel_set_02.033,False
absorber_panel_set_02.034,False
absorber_panel_set_02.035,False
absorber_panel_set_02.036,True
absorber_panel_set_02.037,True
absorber_panel_set_02.038,False
absorber_panel_set_02.039,False
absorber_panel_set_02.040,True
absorber_panel_set_02.041,True
absorber_panel_set_02.042,False
absorber_panel_set_02.043,True
absorber_panel_set_02.044,True
absorber_panel_set_02.045,False
absorber_panel_set_02.046,True
absorber_panel_set_02.047,False
absorber_panel_set_02.048,False
absorber_panel_set_02.049,True
absorber_panel_set_02.050,False
absorber_panel_set_02.051,True
absorber_panel_set_02.052,False
absorber_panel_set_02.053,True
absorber_panel_set_02.055,True
absorber_panel_set_02.056,True
absorber_panel_set_02.057,False
absorber_panel_set_02.058,False
absorber_panel_set_02.059,False
absorber_panel_set_02.060,False
absorber_panel_set_02.061,False
absorber_panel_set_02.062,False
absorber_panel_set_02.063,False
absorber_panel_set_02.064,False
absorber_panel_set_02.065,False
absorber_panel_set_02.066,False
absorber_panel_set_02.067,True
absorber_panel_set_02.068,False
absorber_panel_set_02.069,False
absorber_panel_set_02.070,False
absorber_panel_set_02.071,False
absorber_panel_set_02.072,False
absorber_panel_set_02.073,True
absorber_panel_set_02.074,False
absorber_panel_set_02.075,False
absorber_panel_set_02.076,False
absorber_panel_set_02.077,True
absorber_panel_set_02.078,False
absorber_panel_set_02.079,False
absorber_panel_set_03,True
absorber_panel_set_03.001,False
absorber_panel_set_03.002,False
absorber_panel_set_03.003,True
absorber_panel_set_03.004,True
absorber_panel_set_03.005,True
absorber_panel_set_03.006,False
absorber_panel_set_03.007,False
absorber_panel_set_03.008,False
absorber_panel_set_03.009,False
absorber_panel_set_03.010,False
absorber_panel_set_03.011,False
absorber_panel_set_03.012,False
absorber_panel_set_03.013,True
absorber_panel_set_03.014,False
absorber_panel_set_03.015,False
absorber_panel_set_03.016,True
absorber_panel_set_03.017,False
absorber_panel_set_03.018,False
absorber_panel_set_03.019,False
absorber_panel_set_04,False
absorber_panel_set_04.001,True
absorber_panel_set_04.002,False
absorber_panel_set_04.003,False
absorber_panel_set_04.004,True
absorber_panel_set_04.005,False
absorber_panel_set_04.006,True
absorber_panel_set_04.007,True
absorber_panel_set_04.008,True
absorber_panel_set_04.009,False
absorber_panel_set_04.010,False
absorber_panel_set_04.011,False
absorber_panel_set_04.012,True
absorber_panel_set_04.013,False
absorber_panel_set_04.014,True
absorber_panel_set_04.015,False
absorber_panel_set_04.016,True
absorber_panel_set_04.017,False
absorber_panel_set_04.018,True
absorber_panel_set_04.019,False
absorber_panel_set_04.020,True
absorber_panel_set_04.021,False
absorber_panel_set_04.022,True
absorber_panel_set_04.023,True
absorber_panel_set_04.024,False
absorber_panel_set_04.025,True
absorber_panel_set_04.026,True
absorber_panel_set_04.027,False
absorber_panel_set_04.028,True
absorber_panel_set_04.029,False
absorber_panel_set_04.030,True
absorber_panel_set_04.031,False
absorber_panel_set_04.032,True
absorber_panel_set_04.033,False
absorber_panel_set_04.034,False
absorber_panel_set_04.035,True
absorber_panel_set_04.036,True
absorber_panel_set_04.037,True
absorber_panel_set_04.038,True
absorber_panel_set_04.039,False
absorber_panel_set_05,False
absorber_panel_set_05.001,False
absorber_panel_set_05.002,False
absorber_panel_set_05.003,False
absorber_panel_set_05.004,True
absorber_panel_set_05.005,False
absorber_panel_set_05.006,True
absorber_panel_set_05.007,False
absorber_panel_set_05.008,False
absorber_panel_set_05.009,False
absorber_panel_set_05.010,True
absorber_panel_set_05.011,True
absorber_panel_set_05.012,False
absorber_panel_set_05.013,True
absorber_panel_set_05.014,False
absorber_panel_set_05.015,False
absorber_panel_set_05.016,False
absorber_panel_set_05.017,True
absorber_panel_set_05.018,False
absorber_panel_set_05.019,False
absorber_panel_set_05.020,False
absorber_panel_set_05.021,False
absorber_panel_set_05.022,False
absorber_panel_set_05.023,False
absorber_panel_set_05.024,True
absorber_panel_set_05.025,False
absorber_panel_set_05.026,False
absorber_panel_set_05.027,True
absorber_panel_set_05.028,True
absorber_panel_set_05.029,False
absorber_panel_set_05.030,False
absorber_panel_set_05.031,False
absorber_panel_set_05.032,False
absorber_panel_set_05.033,False
absorber_panel_set_05.034,False
absorber_panel_set_05.035,True
absorber_panel_set_05.036,False
absorber_panel_set_05.037,True
absorber_panel_set_05.038,False
absorber_panel_set_05.039,False
absorber_panel_set_05.040,False
absorber_panel_set_05.041,True
absorber_panel_set_05.042,False
absorber_panel_set_05.043,False
absorber_panel_set_05.044,True
absorber_panel_set_05.045,False
absorber_panel_set_05.046,False
absorber_panel_set_05.047,True
absorber_panel_set_05.048,True
absorber_panel_set_05.049,False
absorber_panel_set_05.050,True
absorber_panel_set_05.051,False
absorber_panel_set_05.052,False
absorber_panel_set_05.053,False
absorber_panel_set_05.054,True
absorber_panel_set_05.055,True
absorber_panel_set_05.056,True
absorber_panel_set_05.057,True
absorber_panel_set_05.058,False
absorber_panel_set_05.059,False
absorber_panel_set_05.060,True
absorber_panel_set_05.061,False
absorber_panel_set_05.062,False
absorber_panel_set_05.063,False
absorber_panel_set_05.064,False
absorber_panel_set_05.065,False
absorber_panel_set_05.066,False
absorber_panel_set_05.067,True
absorber_panel_set_05.068,True
absorber_panel_set_05.069,True
absorber_panel_set_05.070,True
absorber_panel_set_05.071,True
absorber_panel_set_05.072,False
absorber_panel_set_05.073,False
absorber_panel_set_05.074,False
absorber_panel_set_05.075,False
absorber_panel_set_05.076,False
absorber_panel_set_05.077,False
absorber_panel_set_05.078,False
absorber_panel_set_05.079,False
absorber_panel_set_06,True
absorber_panel_set_06.001,True
absorber_panel_set_06.002,False
absorber_panel_set_06.003,True
absorber_panel_set_06.004,False
absorber_panel_set_06.005,False
absorber_panel_set_06.006,True
absorber_panel_set_06.007,False
absorber_panel_set_06.008,True
absorber_panel_set_06.009,True
absorber_panel_set_06.010,False
absorber_panel_set_06.011,True
absorber_panel_set_06.012,True
absorber_panel_set_06.013,False
absorber_panel_set_06.014,True
absorber_panel_set_06.015,False
absorber_panel_set_06.016,False
absorber_panel_set_06.017,True
absorber_panel_set_06.018,True
absorber_panel_set_06.019,True
absorber_panel_set_06.020,True
absorber_panel_set_06.021,True
absorber_panel_set_06.022,False
absorber_panel_set_06.023,False
absorber_panel_set_06.024,True
absorber_panel_set_06.025,False
absorber_panel_set_06.026,False
absorber_panel_set_06.027,True
absorber_panel_set_06.028,True
absorber_panel_set_06.029,True
absorber_panel_set_06.030,False
absorber_panel_set_06.031,False
absorber_panel_set_06.032,False
absorber_panel_set_06.033,False
absorber_panel_set_06.034,False
absorber_panel_set_06.035,False
absorber_panel_set_06.036,False
absorber_panel_set_06.037,False
absorber_panel_set_06.038,False
absorber_panel_set_06.039,False
absorber_panel_set_06.040,True
absorber_panel_set_06.041,False
absorber_panel_set_06.042,True
absorber_panel_set_06.043,False
absorber_panel_set_06.044,False
absorber_panel_set_06.045,False
absorber_panel_set_06.046,False
absorber_panel_set_06.047,True
absorber_panel_set_06.048,True
absorber_panel_set_06.049,False
absorber_panel_set_06.050,False
absorber_panel_set_06.051,False
absorber_panel_set_06.052,False
absorber_panel_set_06.053,False
absorber_panel_set_06.054,True
absorber_panel_set_06.055,False
absorber_panel_set_06.056,True
absorber_panel_set_06.057,False
absorber_panel_set_06.058,False
absorber_panel_set_06.059,False
absorber_panel_set_06.060,False
absorber_panel_set_06.061,True
absorber_panel_set_06.062,False
absorber_panel_set_06.063,False
absorber_panel_set_06.064,True
absorber_panel_set_06.065,False
absorber_panel_set_06.066,True
absorber_panel_set_06.067,True
absorber_panel_set_06.068,False
absorber_panel_set_06.069,True
absorber_panel_set_06.070,False
absorber_panel_set_06.071,True
absorber_panel_set_06.072,False
absorber_panel_set_06.073,True
absorber_panel_set_06.074,False
absorber_panel_set_06.075,False
absorber_panel_set_06.076,False
absorber_panel_set_06.077,False
absorber_panel_set_06.078,True
absorber_panel_set_06.079,True
absorber_panel_set_06.080,False
absorber_panel_set_06.081,True
absorber_panel_set_06.082,True
absorber_panel_set_06.083,False
absorber_panel_set_06.084,True
absorber_panel_set_06.085,False
absorber_panel_set_06.086,False
absorber_panel_set_06.087,False
absorber_panel_set_06.088,False
absorber_panel_set_06.089,True
absorber_panel_set_06.090,True
absorber_panel_set_06.091,False
absorber_panel_set_06.092,True
absorber_panel_set_06.093,False
absorber_panel_set_06.094,False
absorber_panel_set_06.095,True
absorber_panel_set_06.096,True
absorber_panel_set_06.097,True
absorber_panel_set_06.098,False
absorber_panel_set_06.099,True
absorber_panel_set_06.100,True
absorber_panel_set_06.101,True
absorber_panel_set_06.102,False
absorber_panel_set_06.103,False
absorber_panel_set_06.104,False
absorber_panel_set_06.105,False
absorber_panel_set_06.106,False
absorber_panel_set_06.107,False
absorber_panel_set_06.108,False
absorber_panel_set_06.109,False
absorber_panel_set_06.110,True
absorber_panel_set_06.111,False
absorber_panel_set_02.054,False
4,False
4.4,False
4.8,False
5.2,False
5.6,False
6.0,False
