{"absorber_panel_set_01": false, "absorber_panel_set_01.001": false, "absorber_panel_set_01.005": false, "absorber_panel_set_01.006": false, "absorber_panel_set_01.010": false, "absorber_panel_set_01.011": false, "absorber_panel_set_01.015": false, "absorber_panel_set_01.016": false, "absorber_panel_set_01.020": false, "absorber_panel_set_01.021": false, "absorber_panel_set_01.025": false, "absorber_panel_set_01.026": false, "absorber_panel_set_01.030": false, "absorber_panel_set_01.031": false, "absorber_panel_set_01.035": false, "absorber_panel_set_01.036": false, "absorber_panel_set_01.040": false, "absorber_panel_set_01.041": false, "absorber_panel_set_01.045": false, "absorber_panel_set_01.046": false, "absorber_panel_set_01.050": false, "absorber_panel_set_01.051": false, "absorber_panel_set_01.055": false, "absorber_panel_set_01.056": false, "absorber_panel_set_01.060": false, "absorber_panel_set_01.061": false, "absorber_panel_set_01.002": false, "absorber_panel_set_01.003": false, "absorber_panel_set_01.004": false, "absorber_panel_set_01.007": false, "absorber_panel_set_01.008": false, "absorber_panel_set_01.009": false, "absorber_panel_set_01.012": false, "absorber_panel_set_01.013": false, "absorber_panel_set_01.014": false, "absorber_panel_set_01.017": false, "absorber_panel_set_01.018": false, "absorber_panel_set_01.019": false, "absorber_panel_set_01.022": false, "absorber_panel_set_01.023": false, "absorber_panel_set_01.024": false, "absorber_panel_set_01.027": false, "absorber_panel_set_01.028": false, "absorber_panel_set_01.029": false, "absorber_panel_set_01.032": false, "absorber_panel_set_01.033": false, "absorber_panel_set_01.034": false, "absorber_panel_set_01.037": false, "absorber_panel_set_01.038": false, "absorber_panel_set_01.039": false, "absorber_panel_set_01.042": false, "absorber_panel_set_01.043": false, "absorber_panel_set_01.044": false, "absorber_panel_set_01.047": false, "absorber_panel_set_01.048": false, "absorber_panel_set_01.049": false, "absorber_panel_set_01.052": false, "absorber_panel_set_01.053": false, "absorber_panel_set_01.054": false, "absorber_panel_set_01.057": false, "absorber_panel_set_01.058": false, "absorber_panel_set_01.059": false, "absorber_panel_set_01.062": false, "absorber_panel_set_01.063": false, "absorber_panel_set_01.064": false, "absorber_panel_set_05": false, "absorber_panel_set_05.001": false, "absorber_panel_set_05.002": false, "absorber_panel_set_05.003": false, "absorber_panel_set_05.016": false, "absorber_panel_set_05.017": false, "absorber_panel_set_05.018": false, "absorber_panel_set_05.019": false, "absorber_panel_set_05.004": false, "absorber_panel_set_05.005": false, "absorber_panel_set_05.006": false, "absorber_panel_set_05.007": false, "absorber_panel_set_05.020": false, "absorber_panel_set_05.021": false, "absorber_panel_set_05.022": false, "absorber_panel_set_05.023": false, "absorber_panel_set_05.008": false, "absorber_panel_set_05.009": false, "absorber_panel_set_05.010": false, "absorber_panel_set_05.011": false, "absorber_panel_set_05.024": false, "absorber_panel_set_05.025": false, "absorber_panel_set_05.026": false, "absorber_panel_set_05.027": false, "absorber_panel_set_05.012": false, "absorber_panel_set_05.013": false, "absorber_panel_set_05.014": false, "absorber_panel_set_05.015": false, "absorber_panel_set_05.028": false, "absorber_panel_set_05.029": false, "absorber_panel_set_05.030": false, "absorber_panel_set_05.031": false, "absorber_panel_set_05.032": false, "absorber_panel_set_05.033": false, "absorber_panel_set_05.034": false, "absorber_panel_set_05.035": false, "absorber_panel_set_05.048": false, "absorber_panel_set_05.049": false, "absorber_panel_set_05.050": false, "absorber_panel_set_05.051": false, "absorber_panel_set_05.064": false, "absorber_panel_set_05.065": false, "absorber_panel_set_05.066": false, "absorber_panel_set_05.067": false, "absorber_panel_set_05.036": false, "absorber_panel_set_05.037": false, "absorber_panel_set_05.038": false, "absorber_panel_set_05.039": false, "absorber_panel_set_05.052": false, "absorber_panel_set_05.053": false, "absorber_panel_set_05.054": false, "absorber_panel_set_05.055": false, "absorber_panel_set_05.068": false, "absorber_panel_set_05.069": false, "absorber_panel_set_05.070": false, "absorber_panel_set_05.071": false, "absorber_panel_set_05.040": false, "absorber_panel_set_05.041": false, "absorber_panel_set_05.042": false, "absorber_panel_set_05.043": false, "absorber_panel_set_05.056": false, "absorber_panel_set_05.057": false, "absorber_panel_set_05.058": false, "absorber_panel_set_05.059": false, "absorber_panel_set_05.072": false, "absorber_panel_set_05.073": false, "absorber_panel_set_05.074": false, "absorber_panel_set_05.075": false, "absorber_panel_set_05.044": false, "absorber_panel_set_05.045": false, "absorber_panel_set_05.046": false, "absorber_panel_set_05.047": false, "absorber_panel_set_05.060": false, "absorber_panel_set_05.061": false, "absorber_panel_set_05.062": false, "absorber_panel_set_05.063": false, "absorber_panel_set_05.076": false, "absorber_panel_set_05.077": false, "absorber_panel_set_05.078": false, "absorber_panel_set_05.079": false, "absorber_panel_set_02.012": false, "absorber_panel_set_02.013": false, "absorber_panel_set_02.014": false, "absorber_panel_set_02.015": false, "absorber_panel_set_02.028": false, "absorber_panel_set_02.029": false, "absorber_panel_set_02.030": false, "absorber_panel_set_02.031": false, "absorber_panel_set_02.008": false, "absorber_panel_set_02.009": false, "absorber_panel_set_02.010": false, "absorber_panel_set_02.011": false, "absorber_panel_set_02.024": false, "absorber_panel_set_02.025": false, "absorber_panel_set_02.026": false, "absorber_panel_set_02.027": false, "absorber_panel_set_02.004": true, "absorber_panel_set_02.005": true, "absorber_panel_set_02.006": true, "absorber_panel_set_02.007": true, "absorber_panel_set_02.020": true, "absorber_panel_set_02.021": true, "absorber_panel_set_02.022": true, "absorber_panel_set_02.023": true, "absorber_panel_set_02": false, "absorber_panel_set_02.001": false, "absorber_panel_set_02.002": false, "absorber_panel_set_02.003": false, "absorber_panel_set_02.016": false, "absorber_panel_set_02.017": false, "absorber_panel_set_02.018": false, "absorber_panel_set_02.019": false, "absorber_panel_set_02.044": false, "absorber_panel_set_02.045": false, "absorber_panel_set_02.046": false, "absorber_panel_set_02.047": false, "absorber_panel_set_02.060": false, "absorber_panel_set_02.061": false, "absorber_panel_set_02.062": false, "absorber_panel_set_02.063": false, "absorber_panel_set_02.076": false, "absorber_panel_set_02.077": false, "absorber_panel_set_02.078": false, "absorber_panel_set_02.079": false, "absorber_panel_set_02.040": false, "absorber_panel_set_02.041": false, "absorber_panel_set_02.042": false, "absorber_panel_set_02.043": false, "absorber_panel_set_02.056": false, "absorber_panel_set_02.057": false, "absorber_panel_set_02.058": false, "absorber_panel_set_02.059": false, "absorber_panel_set_02.072": false, "absorber_panel_set_02.073": false, "absorber_panel_set_02.074": false, "absorber_panel_set_02.075": false, "absorber_panel_set_02.036": false, "absorber_panel_set_02.037": false, "absorber_panel_set_02.038": false, "absorber_panel_set_02.039": false, "absorber_panel_set_02.052": false, "absorber_panel_set_02.053": false, "absorber_panel_set_02.055": false, "absorber_panel_set_02.068": false, "absorber_panel_set_02.069": false, "absorber_panel_set_02.070": false, "absorber_panel_set_02.071": false, "absorber_panel_set_02.054": false, "absorber_panel_set_02.032": false, "absorber_panel_set_02.033": false, "absorber_panel_set_02.034": false, "absorber_panel_set_02.035": false, "absorber_panel_set_02.048": false, "absorber_panel_set_02.049": false, "absorber_panel_set_02.050": false, "absorber_panel_set_02.051": false, "absorber_panel_set_02.064": false, "absorber_panel_set_02.065": false, "absorber_panel_set_02.066": false, "absorber_panel_set_02.067": false, "absorber_panel_set_04.004": false, "absorber_panel_set_04.005": false, "absorber_panel_set_04.006": false, "absorber_panel_set_04.007": false, "absorber_panel_set_04.012": false, "absorber_panel_set_04.013": false, "absorber_panel_set_04.014": false, "absorber_panel_set_04.015": false, "absorber_panel_set_04": false, "absorber_panel_set_04.001": false, "absorber_panel_set_04.002": false, "absorber_panel_set_04.003": false, "absorber_panel_set_04.008": false, "absorber_panel_set_04.009": false, "absorber_panel_set_04.010": false, "absorber_panel_set_04.011": false, "absorber_panel_set_04.020": false, "absorber_panel_set_04.021": false, "absorber_panel_set_04.022": false, "absorber_panel_set_04.023": false, "absorber_panel_set_04.028": false, "absorber_panel_set_04.029": false, "absorber_panel_set_04.030": false, "absorber_panel_set_04.031": false, "absorber_panel_set_04.036": false, "absorber_panel_set_04.037": false, "absorber_panel_set_04.038": false, "absorber_panel_set_04.039": false, "absorber_panel_set_04.016": false, "absorber_panel_set_04.017": false, "absorber_panel_set_04.018": false, "absorber_panel_set_04.019": false, "absorber_panel_set_04.024": false, "absorber_panel_set_04.025": false, "absorber_panel_set_04.026": false, "absorber_panel_set_04.027": false, "absorber_panel_set_04.032": false, "absorber_panel_set_04.033": false, "absorber_panel_set_04.034": false, "absorber_panel_set_04.035": false, "absorber_panel_set_03": false, "absorber_panel_set_03.001": false, "absorber_panel_set_03.002": false, "absorber_panel_set_03.003": false, "absorber_panel_set_03.004": false, "absorber_panel_set_03.005": false, "absorber_panel_set_03.006": false, "absorber_panel_set_03.007": false, "absorber_panel_set_03.008": false, "absorber_panel_set_03.009": false, "absorber_panel_set_03.010": false, "absorber_panel_set_03.011": false, "absorber_panel_set_03.012": false, "absorber_panel_set_03.013": false, "absorber_panel_set_03.014": false, "absorber_panel_set_03.015": false, "absorber_panel_set_03.016": false, "absorber_panel_set_03.017": false, "absorber_panel_set_03.018": false, "absorber_panel_set_03.019": false, "absorber_panel_set_06": false, "absorber_panel_set_06.001": false, "absorber_panel_set_06.002": false, "absorber_panel_set_06.003": false, "absorber_panel_set_06.013": false, "absorber_panel_set_06.014": false, "absorber_panel_set_06.015": false, "absorber_panel_set_06.016": false, "absorber_panel_set_06.004": true, "absorber_panel_set_06.005": true, "absorber_panel_set_06.006": true, "absorber_panel_set_06.007": true, "absorber_panel_set_06.008": true, "absorber_panel_set_06.017": true, "absorber_panel_set_06.018": true, "absorber_panel_set_06.019": false, "absorber_panel_set_06.020": false, "absorber_panel_set_06.021": false, "absorber_panel_set_06.009": false, "absorber_panel_set_06.010": false, "absorber_panel_set_06.011": false, "absorber_panel_set_06.012": false, "absorber_panel_set_06.022": false, "absorber_panel_set_06.023": false, "absorber_panel_set_06.024": false, "absorber_panel_set_06.025": false, "absorber_panel_set_06.026": false, "absorber_panel_set_06.027": false, "absorber_panel_set_06.028": false, "absorber_panel_set_06.029": false, "absorber_panel_set_06.039": false, "absorber_panel_set_06.040": false, "absorber_panel_set_06.041": false, "absorber_panel_set_06.042": false, "absorber_panel_set_06.030": true, "absorber_panel_set_06.031": true, "absorber_panel_set_06.032": true, "absorber_panel_set_06.033": true, "absorber_panel_set_06.034": true, "absorber_panel_set_06.043": true, "absorber_panel_set_06.044": true, "absorber_panel_set_06.045": true, "absorber_panel_set_06.046": true, "absorber_panel_set_06.047": true, "absorber_panel_set_06.035": false, "absorber_panel_set_06.036": false, "absorber_panel_set_06.037": false, "absorber_panel_set_06.038": false, "absorber_panel_set_06.048": false, "absorber_panel_set_06.049": false, "absorber_panel_set_06.050": false, "absorber_panel_set_06.051": false, "absorber_panel_set_06.052": false, "absorber_panel_set_06.053": false, "absorber_panel_set_06.054": false, "absorber_panel_set_06.055": false, "absorber_panel_set_06.065": false, "absorber_panel_set_06.066": false, "absorber_panel_set_06.067": false, "absorber_panel_set_06.068": false, "absorber_panel_set_06.056": false, "absorber_panel_set_06.057": false, "absorber_panel_set_06.058": false, "absorber_panel_set_06.059": false, "absorber_panel_set_06.060": false, "absorber_panel_set_06.069": false, "absorber_panel_set_06.070": false, "absorber_panel_set_06.071": false, "absorber_panel_set_06.072": false, "absorber_panel_set_06.073": false, "absorber_panel_set_06.061": false, "absorber_panel_set_06.062": false, "absorber_panel_set_06.063": false, "absorber_panel_set_06.064": false, "absorber_panel_set_06.074": false, "absorber_panel_set_06.075": false, "absorber_panel_set_06.076": false, "absorber_panel_set_06.077": false, "absorber_panel_set_06.078": false, "absorber_panel_set_06.079": false, "absorber_panel_set_06.080": false, "absorber_panel_set_06.081": false, "absorber_panel_set_06.091": false, "absorber_panel_set_06.092": false, "absorber_panel_set_06.093": false, "absorber_panel_set_06.094": false, "absorber_panel_set_06.082": true, "absorber_panel_set_06.083": true, "absorber_panel_set_06.084": true, "absorber_panel_set_06.085": true, "absorber_panel_set_06.086": true, "absorber_panel_set_06.095": true, "absorber_panel_set_06.096": true, "absorber_panel_set_06.097": true, "absorber_panel_set_06.098": true, "absorber_panel_set_06.099": true, "absorber_panel_set_06.087": false, "absorber_panel_set_06.088": false, "absorber_panel_set_06.089": false, "absorber_panel_set_06.090": false, "absorber_panel_set_06.100": false, "absorber_panel_set_06.101": false, "absorber_panel_set_06.102": false, "absorber_panel_set_06.103": false, "absorber_panel_set_06.104": true, "absorber_panel_set_06.105": true, "absorber_panel_set_06.106": true, "absorber_panel_set_06.107": true, "absorber_panel_set_06.108": true, "absorber_panel_set_06.109": true, "absorber_panel_set_06.110": true, "absorber_panel_set_06.111": true, "Baffles.001": [10, -1.1], "Baffles.002": [6, 1.1], "ceiling": 4.0}